response_id,timestamp_utc,model,temperature,max_output_tokens,prompt_id,run_id,target_word,sense_id,gold_sense,sense_family,context_type,few_shot_policy_id,query_mode,sentence,prompt_text,response_text,predicted_sense,correct
run_2,2026-03-22T04:20:13+00:00,gpt-4.1-mini,0,500,cot_zero_v1,1,pitch,pitch_sales,sales_communication,communication,business_communication,same_word_cross_sense,api,"He adjusted his pitch slightly, hoping the crowd would respond better.","Sentence: ""He adjusted his pitch slightly, hoping the crowd would respond better.""

Question:
Explain your reasoning step by step, then state what the word ""pitch"" means in this sentence.

Answer:","Step-by-step reasoning:

1. Identify the context: The sentence mentions ""He adjusted his pitch slightly"" and ""hoping the crowd would respond better."" This suggests that the person is trying to change something about how he is presenting or communicating to an audience.

2. Consider possible meanings of ""pitch"":
   - In music, ""pitch"" refers to the highness or lowness of a sound.
   - In sales or marketing, a ""pitch"" is a presentation or attempt to persuade someone.
   - In sports, ""pitch"" can mean to throw a ball.
   - In acoustics or speech, ""pitch"" can refer to the tone or frequency of the voice.

3. Analyze which meaning fits best:
   - Since he is adjusting it ""slightly"" and hoping the crowd responds better, it is likely related to how he is speaking or presenting.
   - If it were a sales pitch, ""adjusting"" it slightly could mean changing the content or approach, but the phrase ""adjusted his pitch slightly"" often refers to changing the tone or frequency of the voice.
   - The presence of ""crowd"" suggests a live audience, so it could be a speaker or performer adjusting vocal tone.

4. Conclusion:
   The word ""pitch"" here most likely refers to the tone or frequency of his voice, which he adjusted slightly to improve audience response.

Final answer:
In this sentence, ""pitch"" means the tone or frequency of his voice.",pitch_tone,FALSE
run_2,2026-03-22T04:37:29+00:00,deepseek-chat,0,500,cot_zero_v1,1,bank,bank_river,riverbank,geographic,physical_environment,same_word_cross_sense,api,"They sat on the bank after withdrawing cash, watching the water flow by.","Sentence: ""They sat on the bank after withdrawing cash, watching the water flow by.""

Question:
Explain your reasoning step by step, then state what the word ""bank"" means in this sentence.

Answer:","Let’s break this down step by step.  

1. **First, look at the sentence structure and key actions.**  
   - “They sat on the bank after withdrawing cash” — this tells us they were at a place where you can withdraw cash, which is typically a financial bank.  
   - Then they “sat on the bank … watching the water flow by” — this suggests they are sitting beside a river or stream, because “watching the water flow by” is something you do near a body of water.  

2. **Consider the two possible meanings of “bank.”**  
   - **Bank (financial institution):** a place where you keep money and can withdraw cash.  
   - **Bank (geographical feature):** the land alongside a river or lake.  

3. **Check for clues in the sentence.**  
   - The phrase “after withdrawing cash” clearly indicates they were just at a financial bank.  
   - But then they “sat on the bank” while “watching the water flow by” — here “bank” must mean the side of a river.  
   - So the sentence cleverly uses both meanings: they withdrew money from a financial bank, then went to sit on a riverbank.  

4. **Determine which meaning applies to the word “bank” in the specific phrase “sat on the bank.”**  
   - In that immediate context (“sat on the bank … watching the water flow by”), “bank” refers to the **riverbank**.  

**Final answer:**  
In this sentence, the word “bank” means the **land beside a river or stream** (a riverbank).",bank_river,TRUE
run_6,2026-03-22T04:37:53+00:00,deepseek-chat,0,500,cot_zero_v1,1,bank,bank_river,riverbank,geographic,physical_environment,same_word_cross_sense,api,"The bank was quiet that morning, aside from the sound of ducks nearby.","Sentence: ""The bank was quiet that morning, aside from the sound of ducks nearby.""

Question:
Explain your reasoning step by step, then state what the word ""bank"" means in this sentence.

Answer:","Let’s break this down step by step.  

1. **Read the sentence**:  
   *“The bank was quiet that morning, aside from the sound of ducks nearby.”*  

2. **Identify possible meanings of “bank”**:  
   - **Bank (financial institution)** – a place where money is kept and transactions happen.  
   - **Bank (riverbank)** – the land alongside a river or other body of water.  

3. **Look for contextual clues**:  
   - The sentence mentions “ducks nearby.” Ducks are typically found near water (rivers, ponds, lakes).  
   - The word “quiet” could apply to both a financial institution early in the morning or a natural setting, but the mention of ducks strongly suggests a natural setting.  
   - If it were a financial institution, ducks nearby would be unusual unless there’s a park or river next to it, but the phrasing “aside from the sound of ducks” implies the ducks are a natural part of the scene, not an incidental detail from outside a building.  

4. **Consider plausibility**:  
   - A riverbank can be quiet in the morning with ducks quacking or splashing.  
   - A financial institution might be quiet before opening, but “sound of ducks nearby” would be an odd detail unless specifically pointing to something outside the window. The sentence doesn’t mention walls, tellers, money, or anything financial, so the natural interpretation fits more smoothly.  

5. **Conclusion**:  
   The word “bank” here most likely means **the side of a river or lake**.  

**Answer**: riverbank.",bank_river,TRUE
run_10,2026-03-22T04:38:20+00:00,deepseek-chat,0,500,cot_zero_v1,1,pitch,pitch_sales,sales_communication,communication,business_communication,same_word_cross_sense,api,"He adjusted his pitch slightly, hoping the crowd would respond better.","Sentence: ""He adjusted his pitch slightly, hoping the crowd would respond better.""

Question:
Explain your reasoning step by step, then state what the word ""pitch"" means in this sentence.

Answer:","Let’s break this down step by step.  

1. **Context clues in the sentence**  
   - The subject (“He”) is adjusting something called a “pitch.”  
   - The adjustment is made because he is “hoping the crowd would respond better.”  
   - Crowds respond to things like speeches, performances, sales talks, or presentations.  

2. **Possible meanings of “pitch”**  
   - In music, “pitch” refers to the highness or lowness of a sound.  
   - In baseball, “pitch” means throwing the ball to the batter.  
   - In business or persuasion, “pitch” means a presentation or attempt to sell or convince.  
   - In angle or slope, “pitch” means inclination.  

3. **Eliminating unlikely meanings**  
   - Baseball: Unlikely, because a crowd’s response to a slightly adjusted baseball pitch isn’t typically described this way in this context.  
   - Slope/angle: Doesn’t fit with “crowd responding better.”  
   - Musical pitch: Possible if he’s a performer adjusting vocal or musical pitch to please an audience.  
   - Persuasion/speech meaning: Very possible if he’s giving a talk and tweaking his manner of presenting to get a better reaction.  

4. **Choosing the best fit**  
   - The phrase “adjusted his pitch slightly” is a common figurative expression meaning he changed his way of presenting an idea or proposal.  
   - The goal of getting a better crowd response strongly suggests a **public speaking or sales situation**, not a musical one (though music isn’t impossible, it’s less common without more context).  
   - Most natural interpretation: “pitch” here means **the content, style, or delivery of his persuasive speech or proposal**.  

**Final meaning:**  
In this sentence, “pitch” means **a persuasive presentation or the way something is proposed to an audience**, not the musical tone or baseball throw.",pitch_sales,TRUE
run_12,2026-03-22T04:38:34+00:00,deepseek-chat,0,500,cot_few_v1,1,pitch,pitch_sales,sales_communication,communication,business_communication,same_word_cross_sense,api,"He adjusted his pitch slightly, hoping the crowd would respond better.","Sentence: ""She stepped forward to pitch the stone into the lake.""
Question:
In this sentence, what does the word ""pitch"" mean?

Answer: to throw something

Sentence: ""He had to pitch the package over the fence.""
Question:
In this sentence, what does the word ""pitch"" mean?

Answer: to throw something

Sentence: ""He struggled to match the pitch of the note.""
Question:
In this sentence, what does the word ""pitch"" mean?

Answer: the perceived highness or lowness of a sound

Sentence: ""The violin produced a high pitch during the solo.""
Question:
In this sentence, what does the word ""pitch"" mean?

Answer: the perceived highness or lowness of a sound


Sentence: ""He adjusted his pitch slightly, hoping the crowd would respond better.""

Question:
Explain your reasoning step by step, then state what the word ""pitch"" means in this sentence.

Answer:","Let’s break this down step by step.  

1. **Look at the context clues in the sentence:**  
   - The sentence says: “He adjusted his pitch slightly, hoping the crowd would respond better.”  
   - The action is about *adjusting* something, and the goal is to get a better response from a crowd.  

2. **Consider possible meanings of “pitch”:**  
   - In music/sound: “pitch” refers to the frequency of a sound (high or low).  
   - In sports: “pitch” can mean to throw a ball.  
   - In business/speaking: “pitch” can mean a presentation or persuasive talk.  
   - In mechanics/position: “pitch” can refer to angle or slope.  

3. **Match the context to the most likely meaning:**  
   - “Adjusted his pitch” — if it were about sound (like a singer adjusting musical pitch), would that make a crowd respond better? Possibly, but usually we say “adjusted his pitch” in speaking or presenting when we mean the tone, style, or content of a persuasive message.  
   - The phrase “hoping the crowd would respond better” strongly suggests a **public speaking or sales situation**, where “pitch” means the way you present an idea to persuade people.  

4. **Conclusion:**  
   - Here, “pitch” is being used in the sense of a **speech or presentation meant to persuade**, and he’s adjusting its delivery or content.  

**Answer:** In this sentence, “pitch” means a persuasive presentation or manner of speaking intended to influence an audience.",pitch_sales,TRUE
run_14,2026-03-22T04:38:51+00:00,deepseek-chat,0,500,cot_zero_v1,1,ring,ring_jewelry,jewelry_object,physical_object,personal_adornment,same_word_cross_sense,api,A small ring was the only thing found near the old bell.,"Sentence: ""A small ring was the only thing found near the old bell.""

Question:
Explain your reasoning step by step, then state what the word ""ring"" means in this sentence.

Answer:","Let’s break this down step by step.  

1. **Context clues in the sentence**:  
   - The sentence says: “A small ring was the only thing found near the old bell.”  
   - The word “bell” here is important — it suggests a location (perhaps a church, tower, or historical site) where a bell is present.  
   - The phrase “near the old bell” implies the ring was physically located close to it.  

2. **Possible meanings of “ring”**:  
   - “Ring” can mean a circular piece of jewelry worn on a finger.  
   - It can also mean a circular object or shape, like a metal ring.  
   - In the context of a bell, “ring” could be a verb (to ring a bell), but here it’s a noun (“a small ring”).  
   - Another meaning: a sound, but that doesn’t fit because it’s “found near the old bell” — you find objects, not sounds.  

3. **Eliminating unlikely meanings**:  
   - If it were the sound of a bell, we wouldn’t say it was “found near” the bell; sound isn’t physically located.  
   - If it were the action of ringing, grammar would be different (“ringing” not “a ring”).  
   - So it’s a physical object.  

4. **Most logical interpretation**:  
   - Given it’s “a small ring” found near a bell, it’s most likely a piece of jewelry (a finger ring) or a small circular metal object.  
   - No additional context suggests it’s a boxing ring, circus ring, etc., so the everyday object meaning fits best.  

5. **Conclusion**:  
   - In this sentence, “ring” means a small circular band, typically of metal, possibly meant to be worn on a finger.  

**Answer**:  
The word “ring” here means a small circular band, likely a piece of jewelry worn on a finger.",ring_jewelry,TRUE
run_18,2026-03-22T04:39:20+00:00,deepseek-chat,0,500,cot_zero_v1,1,tie,tie_apparel,clothing_accessory,physical_object,social_formal,same_word_cross_sense,api,No one expected the tie to be the most talked-about part of the evening.,"Sentence: ""No one expected the tie to be the most talked-about part of the evening.""

Question:
Explain your reasoning step by step, then state what the word ""tie"" means in this sentence.

Answer:","Let’s break this down step by step.  

1. **Context clues in the sentence**:  
   - The sentence says “the most talked-about part of the evening.”  
   - This implies an event where people might discuss clothing, accessories, or surprising moments.  
   - “Tie” could mean either a **neckwear accessory** (like a necktie) or a **draw/equal score** in a competition.  

2. **Common scenarios**:  
   - If this were about a sports event, “tie” as in a draw could be talked about.  
   - But the phrase “part of the evening” suggests a social or formal event (like an awards show, gala, or party), not necessarily a sports match.  

3. **Likelihood**:  
   - At formal evening events, people often wear suits and ties.  
   - Sometimes a particular person’s tie (color, style, design) becomes a conversation topic.  
   - It’s less common for an “evening” event to focus on a game score unless it’s an awards ceremony for sports, but even then, “tie” as neckwear is plausible if someone’s fashion stood out.  

4. **Eliminating alternatives**:  
   - “Tie” as in “tie the game” would require the evening to center around a match, which isn’t indicated.  
   - “Tie” as neckwear fits naturally with “evening” events (red carpets, galas, dinners) where attire is noticed.  

5. **Conclusion**:  
   - The most reasonable meaning here is **a necktie** (an item of clothing), because it’s a tangible “part of the evening” that could unexpectedly become a major conversation topic.  

**Answer**: In this sentence, “tie” means a **neckwear accessory** (neckite).",tie_apparel,TRUE
